{
    "name": "Hope_v1",
    "description": "Data Pipeline Application",
    "artifact": {
        "name": "cdap-data-pipeline",
        "version": "6.8.1",
        "scope": "SYSTEM"
    },
    "config": {
        "stages": [
            {
                "name": "GCSFile",
                "plugin": {
                    "name": "GCSFile",
                    "type": "batchsource",
                    "label": "GCSFile",
                    "artifact": {
                        "name": "google-cloud",
                        "version": "0.21.1",
                        "scope": "SYSTEM"
                    },
                    "properties": {
                        "path": "gs://demo-bucket-daya/index_dup.csv",
                        "fileEncoding": "UTF-8",
                        "useConnection": "true",
                        "format": "csv",
                        "enableQuotedValues": "false",
                        "connection": "${conn(Cloud Storage Default)}",
                        "skipHeader": "true",
                        "referenceName": "demo-bucket-daya.index_dup.csv",
                        "schema": "{\"type\":\"record\",\"name\":\"text\",\"fields\":[{\"name\":\"col_0\",\"type\":\"string\"},{\"name\":\"col_1\",\"type\":\"string\"},{\"name\":\"col_2\",\"type\":\"string\"},{\"name\":\"col_3\",\"type\":\"string\"},{\"name\":\"col_4\",\"type\":\"string\"},{\"name\":\"col_5\",\"type\":\"string\"},{\"name\":\"col_6\",\"type\":\"string\"},{\"name\":\"col_7\",\"type\":\"string\"},{\"name\":\"col_8\",\"type\":\"string\"},{\"name\":\"col_9\",\"type\":\"string\"},{\"name\":\"col_10\",\"type\":\"string\"},{\"name\":\"col_11\",\"type\":\"string\"},{\"name\":\"col_12\",\"type\":\"string\"}]}",
                        "sampleSize": "1000",
                        "filenameOnly": "false",
                        "recursive": "false",
                        "ignoreNonExistingFolders": "false",
                        "encrypted": "false"
                    }
                },
                "outputSchema": "{\"type\":\"record\",\"name\":\"text\",\"fields\":[{\"name\":\"col_0\",\"type\":\"string\"},{\"name\":\"col_1\",\"type\":\"string\"},{\"name\":\"col_2\",\"type\":\"string\"},{\"name\":\"col_3\",\"type\":\"string\"},{\"name\":\"col_4\",\"type\":\"string\"},{\"name\":\"col_5\",\"type\":\"string\"},{\"name\":\"col_6\",\"type\":\"string\"},{\"name\":\"col_7\",\"type\":\"string\"},{\"name\":\"col_8\",\"type\":\"string\"},{\"name\":\"col_9\",\"type\":\"string\"},{\"name\":\"col_10\",\"type\":\"string\"},{\"name\":\"col_11\",\"type\":\"string\"},{\"name\":\"col_12\",\"type\":\"string\"}]}",
                "id": "GCSFile",
                "type": "batchsource",
                "label": "GCSFile",
                "icon": "fa-plug",
                "$$hashKey": "object:955",
                "isPluginAvailable": true,
                "_uiPosition": {
                    "left": "-60px",
                    "top": "70.66667175292969px"
                }
            },
            {
                "name": "Wrangler",
                "plugin": {
                    "name": "Wrangler",
                    "type": "transform",
                    "label": "Wrangler",
                    "artifact": {
                        "name": "wrangler-transform",
                        "version": "4.8.1",
                        "scope": "SYSTEM"
                    },
                    "properties": {
                        "directives": "set-type :col_0 float\nset-column :col_0 math:round(col_0)\nrename col_0 index\nset-type :col_1 double\nrename col_1 I\nset-type :col_2 double\nrename col_2 II\nrename col_3 III\nrename col_4 aVF\nrename col_5 aVR\nrename col_6 aVL\nset-type :III double\nset-type :aVF double\nset-type :aVR double\nset-type :aVL double\nrename col_7 V1\nset-type :V1 double\nrename col_8 V2\nset-type :V2 double\nrename col_9 V3\nset-type :V3 double\nrename col_10 V4\nset-type :V4 double\nrename col_11 V5\nset-type :V5 double\nrename col_12 V6\nset-type :V6 double\nset-type :index long",
                        "field": "*",
                        "precondition": "false",
                        "workspaceId": "072f613a-571b-445f-bb69-7d1f53e1732d",
                        "schema": "{\"type\":\"record\",\"name\":\"record\",\"fields\":[{\"name\":\"index\",\"type\":[\"long\",\"null\"]},{\"name\":\"I\",\"type\":[\"double\",\"null\"]},{\"name\":\"II\",\"type\":[\"double\",\"null\"]},{\"name\":\"III\",\"type\":[\"double\",\"null\"]},{\"name\":\"aVF\",\"type\":[\"double\",\"null\"]},{\"name\":\"aVR\",\"type\":[\"double\",\"null\"]},{\"name\":\"aVL\",\"type\":[\"double\",\"null\"]},{\"name\":\"V1\",\"type\":[\"double\",\"null\"]},{\"name\":\"V2\",\"type\":[\"double\",\"null\"]},{\"name\":\"V3\",\"type\":[\"double\",\"null\"]},{\"name\":\"V4\",\"type\":[\"double\",\"null\"]},{\"name\":\"V5\",\"type\":[\"double\",\"null\"]},{\"name\":\"V6\",\"type\":[\"double\",\"null\"]}]}",
                        "on-error": "fail-pipeline"
                    }
                },
                "outputSchema": "{\"type\":\"record\",\"name\":\"record\",\"fields\":[{\"name\":\"index\",\"type\":[\"long\",\"null\"]},{\"name\":\"I\",\"type\":[\"double\",\"null\"]},{\"name\":\"II\",\"type\":[\"double\",\"null\"]},{\"name\":\"III\",\"type\":[\"double\",\"null\"]},{\"name\":\"aVF\",\"type\":[\"double\",\"null\"]},{\"name\":\"aVR\",\"type\":[\"double\",\"null\"]},{\"name\":\"aVL\",\"type\":[\"double\",\"null\"]},{\"name\":\"V1\",\"type\":[\"double\",\"null\"]},{\"name\":\"V2\",\"type\":[\"double\",\"null\"]},{\"name\":\"V3\",\"type\":[\"double\",\"null\"]},{\"name\":\"V4\",\"type\":[\"double\",\"null\"]},{\"name\":\"V5\",\"type\":[\"double\",\"null\"]},{\"name\":\"V6\",\"type\":[\"double\",\"null\"]}]}",
                "inputSchema": [
                    {
                        "name": "GCSFile",
                        "schema": "{\"type\":\"record\",\"name\":\"text\",\"fields\":[{\"name\":\"col_0\",\"type\":\"string\"},{\"name\":\"col_1\",\"type\":\"string\"},{\"name\":\"col_2\",\"type\":\"string\"},{\"name\":\"col_3\",\"type\":\"string\"},{\"name\":\"col_4\",\"type\":\"string\"},{\"name\":\"col_5\",\"type\":\"string\"},{\"name\":\"col_6\",\"type\":\"string\"},{\"name\":\"col_7\",\"type\":\"string\"},{\"name\":\"col_8\",\"type\":\"string\"},{\"name\":\"col_9\",\"type\":\"string\"},{\"name\":\"col_10\",\"type\":\"string\"},{\"name\":\"col_11\",\"type\":\"string\"},{\"name\":\"col_12\",\"type\":\"string\"}]}"
                    }
                ],
                "id": "Wrangler",
                "type": "transform",
                "label": "Wrangler",
                "icon": "icon-DataPreparation",
                "$$hashKey": "object:956",
                "isPluginAvailable": true,
                "_uiPosition": {
                    "left": "240px",
                    "top": "70.66667175292969px"
                }
            },
            {
                "name": "Joiner",
                "plugin": {
                    "name": "Joiner",
                    "type": "batchjoiner",
                    "label": "Joiner",
                    "artifact": {
                        "name": "core-plugins",
                        "version": "2.10.1",
                        "scope": "SYSTEM"
                    },
                    "properties": {
                        "selectedFields": "BigQuery.ritmi as ritmi,BigQuery.age as age,BigQuery.sex as sex,BigQuery.height as height,BigQuery.weight as weight,BigQuery.unique_id as unique_id,Wrangler.index as index,Wrangler.I as I,Wrangler.II as II,Wrangler.III as III,Wrangler.aVF as aVF,Wrangler.aVR as aVR,Wrangler.aVL as aVL,Wrangler.V1 as V1,Wrangler.V2 as V2,Wrangler.V3 as V3,Wrangler.V4 as V4,Wrangler.V5 as V5,Wrangler.V6 as V6",
                        "conditionType": "basic",
                        "joinKeys": "BigQuery.unique_id = Wrangler.index",
                        "joinNullKeys": "true",
                        "distributionEnabled": "false",
                        "schema": "{\"name\":\"etlSchemaBody\",\"type\":\"record\",\"fields\":[{\"name\":\"ritmi\",\"type\":[\"long\",\"null\"]},{\"name\":\"age\",\"type\":[\"double\",\"null\"]},{\"name\":\"sex\",\"type\":[\"long\",\"null\"]},{\"name\":\"height\",\"type\":[\"double\",\"null\"]},{\"name\":\"weight\",\"type\":[\"double\",\"null\"]},{\"name\":\"I\",\"type\":[\"double\",\"null\"]},{\"name\":\"II\",\"type\":[\"double\",\"null\"]},{\"name\":\"III\",\"type\":[\"double\",\"null\"]},{\"name\":\"aVF\",\"type\":[\"double\",\"null\"]},{\"name\":\"aVR\",\"type\":[\"double\",\"null\"]},{\"name\":\"aVL\",\"type\":[\"double\",\"null\"]},{\"name\":\"V1\",\"type\":[\"double\",\"null\"]},{\"name\":\"V2\",\"type\":[\"double\",\"null\"]},{\"name\":\"V3\",\"type\":[\"double\",\"null\"]},{\"name\":\"V4\",\"type\":[\"double\",\"null\"]},{\"name\":\"V5\",\"type\":[\"double\",\"null\"]},{\"name\":\"V6\",\"type\":[\"double\",\"null\"]}]}"
                    }
                },
                "outputSchema": "{\"name\":\"etlSchemaBody\",\"type\":\"record\",\"fields\":[{\"name\":\"ritmi\",\"type\":[\"long\",\"null\"]},{\"name\":\"age\",\"type\":[\"double\",\"null\"]},{\"name\":\"sex\",\"type\":[\"long\",\"null\"]},{\"name\":\"height\",\"type\":[\"double\",\"null\"]},{\"name\":\"weight\",\"type\":[\"double\",\"null\"]},{\"name\":\"I\",\"type\":[\"double\",\"null\"]},{\"name\":\"II\",\"type\":[\"double\",\"null\"]},{\"name\":\"III\",\"type\":[\"double\",\"null\"]},{\"name\":\"aVF\",\"type\":[\"double\",\"null\"]},{\"name\":\"aVR\",\"type\":[\"double\",\"null\"]},{\"name\":\"aVL\",\"type\":[\"double\",\"null\"]},{\"name\":\"V1\",\"type\":[\"double\",\"null\"]},{\"name\":\"V2\",\"type\":[\"double\",\"null\"]},{\"name\":\"V3\",\"type\":[\"double\",\"null\"]},{\"name\":\"V4\",\"type\":[\"double\",\"null\"]},{\"name\":\"V5\",\"type\":[\"double\",\"null\"]},{\"name\":\"V6\",\"type\":[\"double\",\"null\"]}]}",
                "inputSchema": [
                    {
                        "name": "BigQuery",
                        "schema": "{\"type\":\"record\",\"name\":\"output\",\"fields\":[{\"name\":\"ritmi\",\"type\":[\"long\",\"null\"]},{\"name\":\"age\",\"type\":[\"double\",\"null\"]},{\"name\":\"sex\",\"type\":[\"long\",\"null\"]},{\"name\":\"height\",\"type\":[\"double\",\"null\"]},{\"name\":\"weight\",\"type\":[\"double\",\"null\"]},{\"name\":\"unique_id\",\"type\":[\"long\",\"null\"]}]}"
                    },
                    {
                        "name": "Wrangler",
                        "schema": "{\"type\":\"record\",\"name\":\"record\",\"fields\":[{\"name\":\"index\",\"type\":[\"long\",\"null\"]},{\"name\":\"I\",\"type\":[\"double\",\"null\"]},{\"name\":\"II\",\"type\":[\"double\",\"null\"]},{\"name\":\"III\",\"type\":[\"double\",\"null\"]},{\"name\":\"aVF\",\"type\":[\"double\",\"null\"]},{\"name\":\"aVR\",\"type\":[\"double\",\"null\"]},{\"name\":\"aVL\",\"type\":[\"double\",\"null\"]},{\"name\":\"V1\",\"type\":[\"double\",\"null\"]},{\"name\":\"V2\",\"type\":[\"double\",\"null\"]},{\"name\":\"V3\",\"type\":[\"double\",\"null\"]},{\"name\":\"V4\",\"type\":[\"double\",\"null\"]},{\"name\":\"V5\",\"type\":[\"double\",\"null\"]},{\"name\":\"V6\",\"type\":[\"double\",\"null\"]}]}"
                    }
                ],
                "id": "Joiner",
                "type": "batchjoiner",
                "label": "Joiner",
                "icon": "icon-joiner",
                "$$hashKey": "object:957",
                "isPluginAvailable": true,
                "_uiPosition": {
                    "left": "540px",
                    "top": "165.6666717529297px"
                }
            },
            {
                "name": "Distinct",
                "plugin": {
                    "name": "Distinct",
                    "type": "batchaggregator",
                    "label": "Distinct",
                    "artifact": {
                        "name": "core-plugins",
                        "version": "2.10.1",
                        "scope": "SYSTEM"
                    },
                    "properties": {
                        "fields": "ritmi,age,sex,height,weight,I,II,III,aVF,aVR,aVL,V1,V2,V3,V4,V5,V6"
                    }
                },
                "outputSchema": "{\"type\":\"record\",\"name\":\"etlSchemaBody.typedistinct\",\"fields\":[{\"name\":\"ritmi\",\"type\":[\"long\",\"null\"]},{\"name\":\"age\",\"type\":[\"double\",\"null\"]},{\"name\":\"sex\",\"type\":[\"long\",\"null\"]},{\"name\":\"height\",\"type\":[\"double\",\"null\"]},{\"name\":\"weight\",\"type\":[\"double\",\"null\"]},{\"name\":\"I\",\"type\":[\"double\",\"null\"]},{\"name\":\"II\",\"type\":[\"double\",\"null\"]},{\"name\":\"III\",\"type\":[\"double\",\"null\"]},{\"name\":\"aVF\",\"type\":[\"double\",\"null\"]},{\"name\":\"aVR\",\"type\":[\"double\",\"null\"]},{\"name\":\"aVL\",\"type\":[\"double\",\"null\"]},{\"name\":\"V1\",\"type\":[\"double\",\"null\"]},{\"name\":\"V2\",\"type\":[\"double\",\"null\"]},{\"name\":\"V3\",\"type\":[\"double\",\"null\"]},{\"name\":\"V4\",\"type\":[\"double\",\"null\"]},{\"name\":\"V5\",\"type\":[\"double\",\"null\"]},{\"name\":\"V6\",\"type\":[\"double\",\"null\"]}]}",
                "inputSchema": [
                    {
                        "name": "Joiner",
                        "schema": "{\"name\":\"etlSchemaBody\",\"type\":\"record\",\"fields\":[{\"name\":\"ritmi\",\"type\":[\"long\",\"null\"]},{\"name\":\"age\",\"type\":[\"double\",\"null\"]},{\"name\":\"sex\",\"type\":[\"long\",\"null\"]},{\"name\":\"height\",\"type\":[\"double\",\"null\"]},{\"name\":\"weight\",\"type\":[\"double\",\"null\"]},{\"name\":\"I\",\"type\":[\"double\",\"null\"]},{\"name\":\"II\",\"type\":[\"double\",\"null\"]},{\"name\":\"III\",\"type\":[\"double\",\"null\"]},{\"name\":\"aVF\",\"type\":[\"double\",\"null\"]},{\"name\":\"aVR\",\"type\":[\"double\",\"null\"]},{\"name\":\"aVL\",\"type\":[\"double\",\"null\"]},{\"name\":\"V1\",\"type\":[\"double\",\"null\"]},{\"name\":\"V2\",\"type\":[\"double\",\"null\"]},{\"name\":\"V3\",\"type\":[\"double\",\"null\"]},{\"name\":\"V4\",\"type\":[\"double\",\"null\"]},{\"name\":\"V5\",\"type\":[\"double\",\"null\"]},{\"name\":\"V6\",\"type\":[\"double\",\"null\"]}]}"
                    }
                ],
                "id": "Distinct",
                "type": "batchaggregator",
                "label": "Distinct",
                "icon": "icon-distinct",
                "$$hashKey": "object:958",
                "isPluginAvailable": true,
                "_uiPosition": {
                    "left": "840px",
                    "top": "165.6666717529297px"
                }
            },
            {
                "name": "BigQuery2",
                "plugin": {
                    "name": "BigQueryTable",
                    "type": "batchsink",
                    "label": "BigQuery2",
                    "artifact": {
                        "name": "google-cloud",
                        "version": "0.21.1",
                        "scope": "SYSTEM"
                    },
                    "properties": {
                        "useConnection": "true",
                        "connection": "${conn(BigQuery Default)}",
                        "referenceName": "destination",
                        "dataset": "Atria",
                        "table": "final",
                        "operation": "insert",
                        "truncateTable": "false",
                        "allowSchemaRelaxation": "false",
                        "location": "US",
                        "createPartitionedTable": "false",
                        "partitioningType": "TIME",
                        "partitionFilterRequired": "false",
                        "schema": "{\"type\":\"record\",\"name\":\"etlSchemaBody.typedistinct\",\"fields\":[{\"name\":\"ritmi\",\"type\":[\"long\",\"null\"]},{\"name\":\"age\",\"type\":[\"double\",\"null\"]},{\"name\":\"sex\",\"type\":[\"long\",\"null\"]},{\"name\":\"height\",\"type\":[\"double\",\"null\"]},{\"name\":\"weight\",\"type\":[\"double\",\"null\"]},{\"name\":\"I\",\"type\":[\"double\",\"null\"]},{\"name\":\"II\",\"type\":[\"double\",\"null\"]},{\"name\":\"III\",\"type\":[\"double\",\"null\"]},{\"name\":\"aVF\",\"type\":[\"double\",\"null\"]},{\"name\":\"aVR\",\"type\":[\"double\",\"null\"]},{\"name\":\"aVL\",\"type\":[\"double\",\"null\"]},{\"name\":\"V1\",\"type\":[\"double\",\"null\"]},{\"name\":\"V2\",\"type\":[\"double\",\"null\"]},{\"name\":\"V3\",\"type\":[\"double\",\"null\"]},{\"name\":\"V4\",\"type\":[\"double\",\"null\"]},{\"name\":\"V5\",\"type\":[\"double\",\"null\"]},{\"name\":\"V6\",\"type\":[\"double\",\"null\"]}]}"
                    }
                },
                "outputSchema": "{\"type\":\"record\",\"name\":\"etlSchemaBody.typedistinct\",\"fields\":[{\"name\":\"ritmi\",\"type\":[\"long\",\"null\"]},{\"name\":\"age\",\"type\":[\"double\",\"null\"]},{\"name\":\"sex\",\"type\":[\"long\",\"null\"]},{\"name\":\"height\",\"type\":[\"double\",\"null\"]},{\"name\":\"weight\",\"type\":[\"double\",\"null\"]},{\"name\":\"I\",\"type\":[\"double\",\"null\"]},{\"name\":\"II\",\"type\":[\"double\",\"null\"]},{\"name\":\"III\",\"type\":[\"double\",\"null\"]},{\"name\":\"aVF\",\"type\":[\"double\",\"null\"]},{\"name\":\"aVR\",\"type\":[\"double\",\"null\"]},{\"name\":\"aVL\",\"type\":[\"double\",\"null\"]},{\"name\":\"V1\",\"type\":[\"double\",\"null\"]},{\"name\":\"V2\",\"type\":[\"double\",\"null\"]},{\"name\":\"V3\",\"type\":[\"double\",\"null\"]},{\"name\":\"V4\",\"type\":[\"double\",\"null\"]},{\"name\":\"V5\",\"type\":[\"double\",\"null\"]},{\"name\":\"V6\",\"type\":[\"double\",\"null\"]}]}",
                "inputSchema": [
                    {
                        "name": "Distinct",
                        "schema": "{\"type\":\"record\",\"name\":\"etlSchemaBody.typedistinct\",\"fields\":[{\"name\":\"ritmi\",\"type\":[\"long\",\"null\"]},{\"name\":\"age\",\"type\":[\"double\",\"null\"]},{\"name\":\"sex\",\"type\":[\"long\",\"null\"]},{\"name\":\"height\",\"type\":[\"double\",\"null\"]},{\"name\":\"weight\",\"type\":[\"double\",\"null\"]},{\"name\":\"I\",\"type\":[\"double\",\"null\"]},{\"name\":\"II\",\"type\":[\"double\",\"null\"]},{\"name\":\"III\",\"type\":[\"double\",\"null\"]},{\"name\":\"aVF\",\"type\":[\"double\",\"null\"]},{\"name\":\"aVR\",\"type\":[\"double\",\"null\"]},{\"name\":\"aVL\",\"type\":[\"double\",\"null\"]},{\"name\":\"V1\",\"type\":[\"double\",\"null\"]},{\"name\":\"V2\",\"type\":[\"double\",\"null\"]},{\"name\":\"V3\",\"type\":[\"double\",\"null\"]},{\"name\":\"V4\",\"type\":[\"double\",\"null\"]},{\"name\":\"V5\",\"type\":[\"double\",\"null\"]},{\"name\":\"V6\",\"type\":[\"double\",\"null\"]}]}"
                    }
                ],
                "id": "BigQuery2",
                "type": "batchsink",
                "label": "BigQuery2",
                "icon": "fa-plug",
                "$$hashKey": "object:959",
                "isPluginAvailable": true,
                "_uiPosition": {
                    "left": "1140px",
                    "top": "165.6666717529297px"
                }
            },
            {
                "name": "BigQuery",
                "plugin": {
                    "name": "BigQueryTable",
                    "type": "batchsource",
                    "label": "BigQuery",
                    "artifact": {
                        "name": "google-cloud",
                        "version": "0.21.1",
                        "scope": "SYSTEM"
                    },
                    "properties": {
                        "useConnection": "true",
                        "referenceName": "source",
                        "dataset": "Atria",
                        "table": "New",
                        "enableQueryingViews": "false",
                        "schema": "{\"type\":\"record\",\"name\":\"output\",\"fields\":[{\"name\":\"ritmi\",\"type\":[\"long\",\"null\"]},{\"name\":\"age\",\"type\":[\"double\",\"null\"]},{\"name\":\"sex\",\"type\":[\"long\",\"null\"]},{\"name\":\"height\",\"type\":[\"double\",\"null\"]},{\"name\":\"weight\",\"type\":[\"double\",\"null\"]},{\"name\":\"unique_id\",\"type\":[\"long\",\"null\"]}]}",
                        "connection": "${conn(BigQuery Default)}"
                    }
                },
                "outputSchema": "{\"type\":\"record\",\"name\":\"output\",\"fields\":[{\"name\":\"ritmi\",\"type\":[\"long\",\"null\"]},{\"name\":\"age\",\"type\":[\"double\",\"null\"]},{\"name\":\"sex\",\"type\":[\"long\",\"null\"]},{\"name\":\"height\",\"type\":[\"double\",\"null\"]},{\"name\":\"weight\",\"type\":[\"double\",\"null\"]},{\"name\":\"unique_id\",\"type\":[\"long\",\"null\"]}]}",
                "id": "BigQuery",
                "type": "batchsource",
                "label": "BigQuery",
                "icon": "fa-plug",
                "$$hashKey": "object:960",
                "isPluginAvailable": true,
                "_uiPosition": {
                    "left": "240px",
                    "top": "260.6666717529297px"
                }
            }
        ],
        "connections": [
            {
                "from": "GCSFile",
                "to": "Wrangler"
            },
            {
                "from": "Wrangler",
                "to": "Joiner"
            },
            {
                "from": "Joiner",
                "to": "Distinct"
            },
            {
                "from": "Distinct",
                "to": "BigQuery2"
            },
            {
                "from": "BigQuery",
                "to": "Joiner"
            }
        ],
        "resources": {
            "memoryMB": 2048,
            "virtualCores": 1
        },
        "driverResources": {
            "memoryMB": 2048,
            "virtualCores": 1
        },
        "postActions": [],
        "properties": {},
        "processTimingEnabled": true,
        "stageLoggingEnabled": true,
        "description": "Data Pipeline Application",
        "engine": "spark",
        "schedule": "0 1 */1 * *",
        "maxConcurrentRuns": 1,
        "pushdownEnabled": false
    },
    "version": "-SNAPSHOT"
}